WORDS_ID,VOCAB_WORD,FREQUENCY
0,http,9511
1,use,5019
2,list,4851
3,email,4367
4,get,4200
5,mail,3983
6,one,3907
7,free,3202
8,time,3042
9,work,2883
10,messag,2790
11,make,2784
12,like,2768
13,would,2746
14,peopl,2675
15,inform,2661
16,new,2624
17,receiv,2478
18,pleas,2189
19,address,2148
20,busi,2148
21,click,2145
22,want,2066
23,us,2015
24,need,2005
25,order,1995
26,remov,1967
27,also,1877
28,go,1852
29,year,1838
30,send,1832
31,money,1805
32,file,1791
33,compani,1765
34,system,1709
35,name,1706
36,report,1700
37,wrote,1692
38,way,1680
39,user,1643
40,look,1638
41,chang,1613
42,site,1613
43,know,1606
44,day,1603
45,state,1602
46,program,1571
47,may,1568
48,see,1550
49,call,1536
50,could,1533
51,group,1528
52,even,1513
53,think,1492
54,includ,1491
55,first,1468
56,linux,1464
57,offer,1450
58,take,1412
59,say,1408
60,servic,1393
61,right,1388
62,world,1367
63,tri,1354
64,help,1354
65,find,1342
66,market,1333
67,internet,1333
68,product,1302
69,mani,1271
70,much,1269
71,home,1243
72,said,1228
73,web,1226
74,softwar,1226
75,problem,1222
76,date,1211
77,line,1206
78,spam,1205
79,start,1189
80,check,1188
81,good,1186
82,number,1178
83,run,1173
84,thing,1167
85,https,1149
86,link,1147
87,month,1126
88,well,1119
89,subject,1107
90,interest,1088
91,phone,1086
92,govern,1067
93,person,1064
94,provid,1046
95,set,1039
96,today,1021
97,come,1017
98,best,1016
99,million,1016
100,give,1016
101,server,1015
102,follow,1012
103,back,1008
104,rate,987
105,form,983
106,everi,979
107,secur,975
108,price,946
109,url,943
110,still,938
111,comput,925
112,packag,918
113,instal,906
114,avail,901
115,sent,899
116,code,898
117,version,890
118,life,890
119,read,888
120,week,885
121,sinc,879
122,ad,876
123,grant,875
124,maintain,874
125,sponsor,869
126,thank,867
127,network,863
128,credit,852
129,two,852
130,differ,851
131,without,846
132,made,835
133,develop,830
134,support,827
135,within,827
136,write,811
137,save,809
138,realli,807
139,case,803
140,page,801
141,subscript,800
142,someth,797
143,irish,796
144,current,792
145,un,790
146,last,789
147,anyon,788
148,complet,780
149,onlin,778
150,seem,775
151,sure,774
152,requir,768
153,card,768
154,build,767
155,custom,764
156,manag,763
157,never,757
158,ilug,746
159,better,743
160,keep,740
161,special,740
162,window,740
163,point,736
164,place,735
165,search,734
166,ca,729
167,per,721
168,anoth,721
169,found,715
170,part,714
171,actual,712
172,access,712
173,repli,706
174,result,705
175,contact,704
176,question,701
177,base,696
178,listmast,695
179,futur,694
180,old,692
181,issu,691
182,put,691
183,great,687
184,wish,687
185,next,680
186,long,678
187,let,674
188,countri,672
189,hour,672
190,live,671
191,must,667
192,end,664
193,invest,662
194,easi,661
195,mean,661
196,process,661
197,unsubscrib,660
198,lot,656
199,de,653
200,unit,653
201,communic,649
202,cost,646
203,got,645
204,guarante,644
205,show,642
206,nation,642
207,account,642
208,technolog,642
209,increas,641
210,might,634
211,power,632
212,releas,629
213,legal,628
214,data,621
215,public,620
216,allow,617
217,sourc,616
218,success,615
219,news,614
220,engin,607
221,possibl,606
222,trade,604
223,profession,603
224,post,601
225,open,601
226,idea,601
227,ask,598
228,advertis,598
229,pay,598
230,error,592
231,websit,588
232,test,588
233,opportun,587
234,real,585
235,sell,578
236,high,578
237,ever,576
238,less,574
239,direct,574
240,insur,573
241,respons,573
242,plan,571
243,design,569
244,tell,567
245,creat,564
246,heaven,564
247,visit,564
248,word,562
249,buy,561
250,reason,559
251,howev,559
252,prefer,558
253,effect,555
254,someon,555
255,aug,553
256,law,547
257,sale,547
258,applic,544
259,improv,544
260,instead,543
261,around,543
262,friend,541
263,fact,539
264,least,537
265,box,536
266,dollar,534
267,american,530
268,fix,530
269,job,526
270,copi,525
271,yes,523
272,probabl,518
273,simpl,518
274,origin,513
275,cours,513
276,believ,512
277,contain,507
278,fax,507
279,move,504
280,type,503
281,happen,502
282,though,501
283,littl,499
284,total,496
285,financi,494
286,general,492
287,share,491
288,welcom,491
289,format,490
290,request,490
291,import,489
292,add,488
293,exampl,488
294,client,486
295,els,486
296,abl,486
297,perl,483
298,anyth,481
299,valu,481
300,alway,477
301,simpli,477
302,alreadi,476
303,protect,474
304,fill,474
305,full,473
306,cash,472
307,feel,470
308,mailto,470
309,directori,469
310,purchas,467
311,bit,467
312,stop,467
313,regard,467
314,licens,466
315,signatur,466
316,cd,464
317,note,463
318,intern,463
319,experi,461
320,polici,461
321,answer,460
322,exist,458
323,return,457
324,updat,457
325,learn,455
326,past,455
327,famili,454
328,info,450
329,top,449
330,sep,449
331,geek,448
332,becom,447
333,ship,447
334,second,447
335,age,445
336,act,445
337,instruct,444
338,lead,444
339,drive,443
340,small,443
341,suppli,441
342,control,440
343,member,437
344,databas,437
345,select,436
346,low,436
347,thousand,436
348,recent,435
349,incom,431
350,featur,430
351,citi,430
352,hard,429
353,etc,428
354,stuff,427
355,minut,425
356,rpm,425
357,limit,425
358,done,423
359,sever,423
360,yet,423
361,industri,423
362,turn,423
363,folder,422
364,appli,422
365,kind,421
366,generat,421
367,tool,421
368,continu,420
369,understand,419
370,c,418
371,detail,418
372,guid,417
373,noth,415
374,everyth,415
375,step,413
376,exmh,412
377,notic,411
378,oper,411
379,enough,410
380,claim,409
381,big,409
382,care,408
383,e,408
384,sign,408
385,letter,407
386,univers,407
387,caus,405
388,relat,404
389,larg,404
390,key,403
391,three,401
392,thinkgeek,399
393,other,398
394,connect,397
395,bill,396
396,discuss,394
397,accept,394
398,specif,393
399,record,393
400,term,392
401,via,390
402,pgp,390
403,offic,390
404,play,390
405,talk,389
406,option,389
407,text,389
408,decid,388
409,america,388
410,mayb,387
411,immedi,386
412,deal,386
413,download,384
414,major,383
415,seen,382
416,forc,381
417,hope,381
418,subscrib,380
419,comment,379
420,thought,378
421,individu,377
422,rule,375
423,lose,374
424,plus,374
425,log,374
426,method,372
427,natur,372
428,matter,371
429,risk,369
430,true,369
431,either,369
432,rememb,368
433,yahoo,368
434,assist,367
435,content,366
436,rather,365
437,present,365
438,secret,365
439,quot,365
440,away,364
441,mime,364
442,wait,363
443,bank,362
444,r,362
445,kernel,361
446,hand,361
447,fund,361
448,bad,360
449,local,360
450,project,358
451,hundr,356
452,loan,355
453,level,354
454,train,354
455,matthia,354
456,quick,353
457,certain,353
458,corpor,353
459,consid,352
460,research,351
461,area,350
462,razor,350
463,august,349
464,forward,349
465,book,349
466,addit,348
467,root,344
468,stori,343
469,polit,340
470,machin,340
471,benefit,339
472,target,339
473,standard,339
474,quit,338
475,entir,338
476,war,338
477,suggest,337
478,appear,336
479,document,336
480,copyright,336
481,presid,335
482,bodi,335
483,global,335
484,author,334
485,bug,333
486,posit,332
487,often,332
488,expect,331
489,bonus,331
490,human,330
491,mind,330
492,center,330
493,distribut,330
494,juli,329
495,septemb,327
496,grow,325
497,jul,324
498,ago,324
499,clear,324
500,hit,322
501,qualiti,322
502,trust,321
503,size,321
504,partner,320
505,exact,320
506,love,320
507,easili,319
508,absolut,319
509,island,318
510,agent,317
511,whether,317
512,pm,317
513,join,316
514,activ,316
515,b,315
516,given,315
517,involv,314
518,collect,314
519,fast,314
520,solut,314
521,amount,313
522,happi,313
523,associ,312
524,domain,311
525,charg,311
526,man,310
527,promot,310
528,whole,309
529,sort,307
530,far,307
531,earn,307
532,fork,306
533,parti,306
534,later,306
535,wrong,305
536,hi,305
537,feder,305
538,submit,304
539,mortgag,302
540,upon,302
541,wed,301
542,meet,301
543,potenti,301
544,refer,300
545,nice,299
546,enter,299
547,load,298
548,tm,297
549,wonder,296
550,john,296
551,social,296
552,almost,296
553,econom,296
554,singl,296
555,publish,296
556,discov,295
557,red,295
558,reach,294
559,similar,293
560,everyon,293
561,transact,292
562,close,292
563,view,291
564,particular,290
565,fail,290
566,execut,289
567,pass,289
568,sound,286
569,depend,284
570,privat,284
571,profit,283
572,women,283
573,perform,283
574,attack,282
575,broadcast,282
576,newslett,279
577,paid,278
578,automat,278
579,effort,277
580,contract,277
581,statement,277
582,media,276
583,mark,276
584,delet,276
585,foreign,275
586,begin,274
587,compil,273
588,final,272
589,sequenc,272
590,regist,271
591,miss,271
592,spamassassin,270
593,bush,270
594,cell,268
595,x,268
596,figur,268
597,command,267
598,handl,267
599,stock,267
600,correct,266
601,header,266
602,action,265
603,locat,265
604,tuesday,264
605,display,264
606,game,264
607,pick,264
608,transfer,263
609,templ,263
610,wo,262
611,hat,262
612,disk,262
613,digit,261
614,produc,261
615,chris,261
616,soon,260
617,event,260
618,known,259
619,track,257
620,print,256
621,articl,256
622,longer,255
623,common,255
624,tax,254
625,short,254
626,properti,253
627,function,253
628,pretti,252
629,mention,252
630,toner,251
631,default,250
632,store,250
633,dear,250
634,commiss,250
635,men,250
636,debt,249
637,hous,248
638,oblig,248
639,upgrad,247
640,microsoft,247
641,sun,247
642,respect,247
643,script,246
644,organ,246
645,due,246
646,serious,246
647,enenkio,245
648,bulk,245
649,imag,245
650,payment,244
651,administr,244
652,weight,244
653,freedom,243
654,daili,243
655,along,243
656,health,243
657,practic,242
658,net,242
659,worth,241
660,cartridg,241
661,billion,241
662,offici,241
663,usa,241
664,capit,241
665,propos,241
666,languag,240
667,strategi,240
668,clean,240
669,resourc,240
670,came,240
671,main,240
672,late,239
673,half,239
674,leav,239
675,anyway,239
676,concern,238
677,platform,238
678,street,237
679,remain,237
680,devic,236
681,html,236
682,assum,236
683,lost,235
684,car,235
685,ok,234
686,review,234
687,tire,234
688,ignor,233
689,head,232
690,interact,232
691,tue,232
692,respond,231
693,independ,231
694,went,231
695,thu,231
696,hear,231
697,deliv,230
698,taken,230
699,tablet,230
700,communiti,229
701,perhap,228
702,bring,228
703,compar,227
704,configur,227
705,accord,227
706,averag,226
707,qualifi,226
708,watch,225
709,fine,225
710,pc,225
711,space,225
712,press,225
713,invok,224
714,retail,223
715,school,223
716,recommend,223
717,expens,223
718,n,222
719,near,222
720,fee,222
721,fall,221
722,host,221
723,enabl,221
724,field,221
725,memori,221
726,membership,221
727,extrem,221
728,guess,220
729,huge,220
730,consult,220
731,suit,219
732,edit,219
733,usual,219
734,xml,219
735,choos,218
736,except,218
737,agre,217
738,advantag,217
739,warn,217
740,en,216
741,port,216
742,previous,215
743,materi,215
744,normal,215
745,region,215
746,side,214
747,abil,214
748,educ,214
749,announc,213
750,strong,213
751,basic,213
752,fri,213
753,five,212
754,although,212
755,paper,212
756,dream,212
757,drop,212
758,cheer,212
759,item,212
760,guy,212
761,told,212
762,readi,211
763,growth,211
764,spend,211
765,hold,211
766,vulner,211
767,confidenti,211
768,electron,210
769,model,210
770,win,210
771,instant,210
772,replac,210
773,left,209
774,face,209
775,interfac,208
776,unseen,208
777,studi,208
778,loss,207
779,reserv,207
780,mon,207
781,dvd,207
782,altern,207
783,safe,206
784,kingdom,206
785,intend,206
786,choic,205
787,approv,205
788,implement,203
789,perfect,203
790,id,202
791,histori,202
792,multipl,202
793,oz,202
794,rest,202
795,situat,201
796,commerci,201
797,moment,200
798,extra,200
799,obvious,199
800,section,198
801,investig,198
802,insid,198
803,chanc,198
804,employ,198
805,combin,198
806,togeth,198
807,coupl,197
808,initi,197
809,purpos,197
810,pictur,197
811,night,196
812,confirm,196
813,goe,196
814,advanc,196
815,court,195
816,j,195
817,unless,195
818,across,195
819,monday,195
820,break,195
821,avoid,195
822,util,195
823,burn,194
824,object,194
825,fair,194
826,fals,194
827,energi,193
828,express,192
829,score,192
830,video,191
831,et,191
832,male,191
833,societi,191
834,india,191
835,owner,190
836,took,190
837,indic,190
838,sens,189
839,p,189
840,count,189
841,speed,188
842,suppos,188
843,agenc,188
844,filter,188
845,various,188
846,four,187
847,procedur,187
848,die,187
849,anywher,187
850,profil,187
851,especi,186
852,black,186
853,uniqu,186
854,match,186
855,gpl,186
856,seek,186
857,amaz,186
858,period,186
859,ventur,186
860,sex,185
861,piec,185
862,kevin,185
863,consum,185
864,adam,184
865,behalf,184
866,spammer,184
867,whatev,184
868,investor,184
869,class,183
870,popul,183
871,color,183
872,knowledg,183
873,explain,183
874,setup,183
875,signific,183
876,gain,182
877,cut,182
878,latest,182
879,remot,182
880,oh,182
881,tip,182
882,dagga,181
883,militari,181
884,unison,181
885,atol,181
886,block,180
887,la,180
888,ftp,180
889,unix,179
890,south,179
891,gari,179
892,marshal,179
893,googl,179
894,lawrenc,179
895,poor,178
896,tv,178
897,patch,178
898,switch,177
899,smoke,177
900,team,177
901,valuabl,177
902,establish,177
903,shop,177
904,aaaaaaaaaaaaaaaaaaaaaaaaaaaaaaaaaaaaaaaaaaaaaaaaaaaaaaaaaaaaaaaaaaaaaaaaaaaa,176
905,imagin,176
906,java,176
907,ragga,176
908,integr,175
909,prevent,175
910,robert,174
911,attempt,173
912,boot,173
913,prepar,173
914,third,173
915,will,172
916,privaci,172
917,folk,172
918,particip,172
919,hardwar,171
920,heard,171
921,necessari,171
922,sorri,171
923,manual,171
924,sometim,170
925,congress,170
926,york,170
927,bottl,170
928,tag,170
929,screen,170
930,saou,170
931,reduc,170
932,china,169
933,fastest,169
934,backup,168
935,stand,168
936,cover,168
937,sa,168
938,depart,168
939,enjoy,168
940,valid,168
941,alb,167
942,path,167
943,mass,167
944,regul,167
945,obtain,167
946,driver,167
947,goal,167
948,capabl,166
949,lower,166
950,competit,166
951,botan,166
952,fulli,165
953,h,165
954,speak,165
955,promis,165
956,land,165
957,medic,164
958,firm,164
959,apolog,163
960,extend,163
961,deathtospamdeathtospamdeathtospam,163
962,lowest,163
963,scienc,163
964,traffic,163
965,thus,163
966,introduc,163
967,describ,162
968,defin,162
969,movi,162
970,troubl,161
971,titl,161
972,paul,161
973,proper,161
974,exchang,160
975,film,160
976,cvs,160
977,regular,159
978,wireless,159
979,easier,159
980,sender,158
981,decis,158
982,osdn,158
983,rang,158
984,f,158
985,os,158
986,death,157
987,technic,157
988,approach,157
989,predict,156
990,murphi,156
991,earli,156
992,six,156
993,white,155
994,beberg,155
995,written,155
996,commit,155
997,redhat,155
998,fat,155
999,fortun,155
1000,king,154
1001,kill,154
1002,worri,154
1003,telephon,154
1004,sold,154
1005,apt,154
1006,negat,154
1007,im,154
1008,mobil,153
1009,ham,153
1010,music,153
1011,seventh,153
1012,michael,153
1013,uk,153
1014,judgment,153
1015,economi,152
1016,desir,152
1017,premium,152
1018,attach,152
1019,ensur,152
1020,north,152
1021,opinion,152
1022,father,152
1023,definit,151
1024,appar,151
1025,focus,151
1026,faster,151
1027,deserv,151
1028,player,151
1029,librari,150
1030,achiev,150
1031,argument,150
1032,archiv,150
1033,button,150
1034,adult,150
1035,separ,149
1036,enterpris,149
1037,travel,149
1038,bar,149
1039,techniqu,149
1040,threat,148
1041,demand,148
1042,cooper,148
1043,expert,148
1044,board,147
1045,browser,146
1046,condit,145
1047,anim,145
1048,outsid,145
1049,hello,145
1050,modul,145
1051,david,144
1052,stay,144
1053,terrorist,144
1054,elimin,144
1055,enhanc,144
1056,estat,144
1057,dave,144
1058,attent,144
1059,wide,144
1060,children,143
1061,determin,143
1062,repres,143
1063,drug,143
1064,virtual,143
1065,pain,143
1066,cabl,143
1067,wall,143
1068,sincer,143
1069,environ,142
1070,gnupg,142
1071,washington,142
1072,kid,142
1073,modifi,142
1074,held,142
1075,declar,142
1076,fun,141
1077,permiss,141
1078,danger,141
1079,w,140
1080,l,140
1081,relev,140
1082,g,140
1083,iii,140
1084,confid,140
1085,sum,139
1086,air,139
1087,canada,139
1088,programm,139
1089,rich,139
1090,diet,139
1091,cat,139
1092,none,138
1093,popular,138
1094,exclus,138
1095,equip,138
1096,cc,138
1097,forev,137
1098,proven,137
1099,excel,136
1100,bitbitch,136
1101,bottom,136
1102,justin,136
1103,usd,135
1104,paragraph,135
1105,expand,135
1106,surpris,135
1107,central,135
1108,excit,134
1109,virus,134
1110,factor,134
1111,former,134
1112,sexual,134
1113,string,134
1114,centuri,134
1115,friday,134
1116,skip,134
1117,monitor,133
1118,relationship,133
1119,challeng,133
1120,dead,133
1121,identifi,133
1122,anybodi,133
1123,behind,132
1124,director,132
1125,terror,132
1126,toward,132
1127,asset,132
1128,appreci,132
1129,exercis,131
1130,girl,131
1131,confer,131
1132,sweet,131
1133,defens,130
1134,progress,130
1135,among,130
1136,whose,130
1137,discoveri,130
1138,citizen,130
1139,rais,130
1140,rh,130
1141,unsolicit,130
1142,sampl,129
1143,west,129
1144,fit,129
1145,hettinga,129
1146,thread,129
1147,stupid,129
1148,road,129
1149,difficult,129
1150,confus,129
1151,msgs,129
1152,colleg,128
1153,partit,128
1154,lender,128
1155,le,128
1156,intellig,128
1157,smart,128
1158,spain,128
1159,illeg,128
1160,entri,128
1161,photo,128
1162,solv,127
1163,octob,127
1164,reader,127
1165,earth,127
1166,chief,127
1167,william,127
1168,acquir,127
1169,tie,127
1170,serv,127
1171,seri,127
1172,verifi,126
1173,refin,126
1174,european,126
1175,largest,126
1176,measur,126
1177,tree,126
1178,mode,125
1179,extract,125
1180,san,125
1181,french,125
1182,equival,124
1183,built,124
1184,peac,124
1185,reliabl,123
1186,oct,123
1187,laptop,123
1188,procmail,123
1189,resid,123
1190,slow,123
1191,mac,123
1192,conveni,123
1193,lock,123
1194,brian,122
1195,datapow,122
1196,suse,122
1197,categori,122
1198,tradit,122
1199,inlin,122
1200,africa,121
1201,front,121
1202,tim,121
1203,useless,121
1204,graphic,121
1205,warranti,121
1206,deliveri,120
1207,leader,120
1208,voic,120
1209,ident,120
1210,cach,120
1211,europ,120
1212,ten,119
1213,capillari,119
1214,annuiti,119
1215,femal,119
1216,evid,119
1217,emerg,119
1218,pattern,119
1219,gnu,118
1220,campaign,118
1221,fire,118
1222,desktop,118
1223,compat,118
1224,occur,118
1225,art,118
1226,random,118
1227,cultur,117
1228,therefor,117
1229,abus,117
1230,gift,117
1231,young,117
1232,higher,116
1233,physic,116
1234,institut,116
1235,herba,116
1236,satellit,116
1237,concept,116
1238,aid,115
1239,june,115
1240,walk,115
1241,brand,115
1242,inde,115
1243,thursday,115
1244,deposit,115
1245,launch,115
1246,convers,115
1247,nigeria,114
1248,otherwis,114
1249,concentr,114
1250,ms,114
1251,degre,114
1252,roll,114
1253,revenu,114
1254,doubt,114
1255,contribut,114
1256,arriv,113
1257,forget,113
1258,honor,113
1259,wife,113
1260,repositori,113
1261,pacif,113
1262,yeah,113
1263,unlimit,113
1264,background,113
1265,compet,113
1266,succeed,113
1267,weapon,113
1268,classifi,113
1269,light,113
1270,carri,113
1271,indian,113
1272,echo,113
1273,assur,112
1274,listen,112
1275,affili,112
1276,realiz,112
1277,fight,112
1278,effici,112
1279,conflict,112
1280,token,112
1281,recipi,112
1282,critic,112
1283,discount,111
1284,isp,111
1285,unfortun,111
1286,tech,111
1287,password,111
1288,powel,111
1289,app,111
1290,extens,111
1291,storag,111
1292,percent,111
1293,sat,111
1294,detect,110
1295,jabber,110
1296,sit,110
1297,sleep,110
1298,hot,110
1299,water,110
1300,civil,110
1301,hermio,110
1302,basi,110
1303,intro,109
1304,alsa,109
1305,garrigu,109
1306,printer,109
1307,kept,109
1308,panel,109
1309,output,109
1310,substanti,109
1311,attract,108
1312,enemi,108
1313,god,108
1314,tabl,108
1315,catch,108
1316,ip,108
1317,pull,108
1318,descript,108
1319,proprietari,108
1320,scan,108
1321,mine,108
1322,worldwid,108
1323,inc,108
1324,jm,107
1325,truth,107
1326,nobodi,107
1327,joe,107
1328,v,107
1329,disabl,107
1330,revers,107
1331,saw,107
1332,pudg,107
1333,wednesday,107
1334,index,107
1335,advic,107
1336,manufactur,106
1337,seven,106
1338,gone,106
1339,patent,106
1340,rpms,106
1341,vendor,106
1342,euro,106
1343,structur,106
1344,analysi,106
1345,agreement,106
1346,specifi,105
1347,lack,105
1348,k,105
1349,franc,105
1350,alon,105
1351,room,105
1352,balanc,105
1353,vote,105
1354,decad,105
1355,morn,105
1356,prompt,105
1357,cool,105
1358,jame,105
1359,teach,105
1360,awar,104
1361,boston,104
1362,california,104
1363,editor,104
1364,wast,104
1365,charact,104
1366,whitelist,104
1367,status,104
1368,gold,104
1369,polic,103
1370,construct,103
1371,treat,103
1372,zip,103
1373,innov,103
1374,career,102
1375,tom,102
1376,clue,102
1377,journal,102
1378,financ,102
1379,insert,102
1380,temperatur,102
1381,theori,102
1382,trick,102
1383,u,102
1384,encourag,101
1385,son,101
1386,ultim,101
1387,constitut,101
1388,impress,101
1389,afford,101
1390,int,101
1391,greater,101
1392,spec,101
1393,dvds,101
1394,gcc,101
1395,incred,101
1396,touch,101
1397,flag,101
1398,middl,101
1399,peni,100
1400,ebay,100
1401,usag,100
1402,attorney,100
1403,cent,100
1404,correspond,100
1405,brain,100
1406,anymor,100
1407,greg,99
1408,boy,99
1409,dan,99
1410,wake,99
1411,jim,99
1412,mechan,99
1413,summari,99
1414,blank,99
1415,hp,99
1416,mother,99
1417,annual,99
1418,blood,99
1419,trial,99
1420,larger,99
1421,input,99
1422,master,99
1423,el,98
1424,stream,98
1425,hate,98
1426,urgent,98
1427,democrat,98
1428,mike,98
1429,cbyi,98
1430,suffer,98
1431,pound,97
1432,perman,97
1433,advis,97
1434,cheap,97
1435,suspect,96
1436,speech,96
1437,varieti,96
1438,star,96
1439,most,96
1440,skeptic,96
1441,smtp,96
1442,php,96
1443,flow,96
1444,underwrit,96
1445,judg,96
1446,percentag,95
1447,instanc,95
1448,des,95
1449,behavior,95
1450,warm,95
1451,dynam,95
1452,delay,95
1453,wealth,95
1454,mistak,95
1455,vacat,95
1456,eye,94
1457,super,94
1458,destruct,94
1459,keyboard,94
1460,dark,94
1461,toni,94
1462,earlier,94
1463,binari,94
1464,comfort,94
1465,republ,94
1466,ban,93
1467,mailer,93
1468,channel,93
1469,reveal,93
1470,ireland,93
1471,affect,93
1472,firewal,93
1473,laserjet,93
1474,rick,93
1475,woman,93
1476,arm,93
1477,rock,93
1478,heart,93
1479,telecom,93
1480,termin,93
1481,menu,93
1482,fresh,93
1483,motiv,92
1484,knew,92
1485,rss,92
1486,english,92
1487,tend,92
1488,strict,92
1489,consolid,92
1490,steve,92
1491,char,92
1492,essenti,92
1493,consist,91
1494,prospect,91
1495,btw,91
1496,alli,91
1497,domest,91
1498,principl,91
1499,skill,91
1500,vipul,91
1501,recogn,91
1502,floppi,91
1503,pack,90
1504,beta,90
1505,honest,90
1506,core,90
1507,wing,90
1508,rapid,90
1509,lawyer,90
1510,style,90
1511,highlight,90
1512,estim,90
1513,opt,89
1514,defend,89
1515,magazin,89
1516,somewher,89
1517,unlik,89
1518,dell,89
1519,lifetim,89
1520,invit,89
1521,gnome,89
1522,eventu,89
1523,pipe,89
1524,fl,88
1525,beat,88
1526,planta,88
1527,role,88
1528,ftoc,88
1529,sensit,88
1530,comprehens,88
1531,task,88
1532,staff,88
1533,vehicl,88
1534,despit,87
1535,histor,87
1536,ground,87
1537,roman,87
1538,repeat,87
1539,modem,87
1540,constant,87
1541,babi,87
1542,audio,87
1543,eat,87
1544,biggest,87
1545,hair,87
1546,march,87
1547,pocket,87
1548,restor,87
1549,python,87
1550,map,87
1551,dns,87
1552,modern,87
1553,teledynam,87
1554,food,87
1555,revis,86
1556,convert,86
1557,complianc,86
1558,commentari,86
1559,impact,86
1560,bind,86
1561,strength,86
1562,eval,86
1563,suck,86
1564,favor,86
1565,picasso,86
1566,met,85
1567,exploit,85
1568,senior,85
1569,dragon,85
1570,british,85
1571,minimum,85
1572,interview,85
1573,shown,85
1574,conserv,85
1575,config,85
1576,coverag,85
1577,peter,85
1578,texa,84
1579,stabl,84
1580,mailbox,84
1581,equal,84
1582,mlm,84
1583,spot,84
1584,mile,84
1585,gave,84
1586,cds,84
1587,failur,84
1588,everybodi,84
1589,liber,84
1590,protocol,84
1591,doctor,84
1592,dont,84
1593,gentl,84
1594,beyond,84
1595,truli,84
1596,permit,84
1597,font,84
1598,employe,84
1599,les,84
1600,signal,83
1601,typic,83
1602,tx,83
1603,q,83
1604,optim,83
1605,synchron,83
1606,consider,83
1607,corpus,83
1608,visa,83
1609,brought,83
1610,auto,83
1611,slight,83
1612,reli,83
1613,tape,83
1614,calcul,82
1615,revok,82
1616,variabl,82
1617,crash,82
1618,al,82
1619,draw,82
1620,geeg,82
1621,distanc,82
1622,translat,82
1623,dial,82
1624,vast,82
1625,worst,82
1626,led,82
1627,showcas,82
1628,startup,82
1629,expir,82
1630,chines,82
1631,yesterday,81
1632,hidden,81
1633,stylus,81
1634,finish,81
1635,neighbor,81
1636,prove,81
1637,ie,81
1638,evil,81
1639,plant,81
1640,spent,81
1641,favorit,81
1642,crimin,81
1643,extern,81
1644,annoy,81
1645,broker,81
1646,boss,81
1647,imposs,81
1648,sir,80
1649,feet,80
1650,repair,80
1651,netscap,80
1652,pop,80
1653,bigger,80
1654,rare,80
1655,artist,80
1656,ran,80
1657,acknowledg,80
1658,foundat,80
1659,strang,80
1660,sole,80
1661,z,80
1662,retriev,80
1663,se,80
1664,bearer,80
1665,rebuild,79
1666,somebodi,79
1667,edward,79
1668,hack,79
1669,beauti,79
1670,autom,79
1671,evalu,79
1672,england,79
1673,scientist,79
1674,hotel,79
1675,safeti,79
1676,sport,79
1677,guidelin,79
1678,rob,79
1679,portion,79
1680,poverti,79
1681,equiti,79
1682,planet,79
1683,hell,79
1684,iiu,78
1685,minor,78
1686,summer,78
1687,push,78
1688,prescript,78
1689,hire,78
1690,station,78
1691,climat,78
1692,lie,78
1693,explor,78
1694,sunday,78
1695,restrict,78
1696,chicago,78
1697,antiqu,78
1698,spread,78
1699,ii,78
1700,jump,78
1701,bell,78
1702,strip,78
1703,scheme,78
1704,headlin,77
1705,currenc,77
1706,shape,77
1707,primari,77
1708,diseas,77
1709,radio,77
1710,fundament,77
1711,threaten,77
1712,epson,77
1713,becam,77
1714,recruit,77
1715,mount,77
1716,entertain,77
1717,vous,77
1718,para,77
1719,student,77
1720,craig,76
1721,proxi,76
1722,laser,76
1723,happier,76
1724,spamd,76
1725,merchant,76
1726,herb,76
1727,resum,76
1728,damag,76
1729,husband,76
1730,seed,76
1731,architectur,76
1732,recal,76
1733,protest,76
1734,hang,76
1735,odd,76
1736,mainten,76
1737,settlement,75
1738,sendmail,75
1739,stick,75
1740,exit,75
1741,disclaim,75
1742,muscl,75
1743,buyer,75
1744,remedi,75
1745,feroc,75
1746,van,75
1747,doubl,75
1748,prioriti,75
1749,viagra,75
1750,plug,75
1751,green,74
1752,ssh,74
1753,camera,74
1754,ticket,74
1755,hall,74
1756,wors,74
1757,exceed,74
1758,moor,74
1759,fantasi,74
1760,western,74
1761,creativ,74
1762,dozen,74
1763,somehow,74
1764,reg,74
1765,georg,74
1766,laugh,74
1767,luck,74
1768,prior,74
1769,feedback,74
1770,angl,74
1771,faith,74
1772,disappear,74
1773,pour,73
1774,tel,73
1775,oil,73
1776,reject,73
1777,bother,73
1778,kathmandu,73
1779,realiti,73
1780,broken,73
1781,anonym,73
1782,aspect,73
1783,usb,73
1784,hormon,73
1785,seminar,73
1786,child,73
1787,feed,73
1788,supplement,73
1789,batteri,73
1790,norton,73
1791,symbol,73
1792,shot,72
1793,entrepreneur,72
1794,parent,72
1795,arrang,72
1796,substanc,72
1797,eugen,72
1798,allianc,72
1799,convent,72
1800,authent,72
1801,appeal,72
1802,shall,72
1803,democraci,72
1804,encrypt,72
1805,acceler,72
1806,doc,72
1807,shock,72
1808,argu,72
1809,committe,72
1810,glad,71
1811,sponsorship,71
1812,legitim,71
1813,observ,71
1814,park,71
1815,electr,71
1816,mozilla,71
1817,statist,71
1818,convinc,71
1819,phrase,71
1820,à,71
1821,serial,71
1822,funni,71
1823,neither,71
1824,resolv,70
1825,auction,70
1826,queri,70
1827,east,70
1828,highest,70
1829,nort,70
1830,merg,70
1831,edg,70
1832,appropri,70
1833,solari,70
1834,refund,70
1835,barcelona,70
1836,meant,70
1837,frame,70
1838,edificio,70
1839,award,70
1840,empir,70
1841,door,70
1842,hey,70
1843,union,69
1844,carrier,69
1845,aphrodisia,69
1846,survey,69
1847,pressur,69
1848,tomorrow,69
1849,volum,69
1850,damn,69
1851,bear,69
1852,strike,69
1853,stabil,69
1854,capac,69
1855,lesson,69
1856,hunt,69
1857,fear,69
1858,postal,69
1859,kelli,69
1860,smaller,69
1861,surviv,69
1862,daniel,69
1863,aggress,68
1864,mason,68
1865,twice,68
1866,pablo,68
1867,weekend,68
1868,owen,68
1869,herbal,68
1870,banner,68
1871,trip,68
1872,farquhar,68
1873,arrest,68
1874,bought,68
1875,declin,68
1876,alter,68
1877,amend,68
1878,easiest,67
1879,exclud,67
1880,promiscu,67
1881,violat,67
1882,msg,67
1883,welch,67
1884,ah,67
1885,gmt,67
1886,duplic,67
1887,zero,67
1888,licenc,67
1889,prosaka,67
1890,race,67
1891,testimoni,67
1892,complain,67
1893,appl,67
1894,compon,67
1895,cold,67
1896,cancel,67
1897,januari,67
1898,inbox,67
1899,harm,67
1900,winner,67
1901,mh,66
1902,bandwidth,66
1903,deni,66
1904,reduct,66
1905,farm,66
1906,round,66
1907,nativ,66
1908,audienc,66
1909,ratio,66
1910,pill,66
1911,presum,66
1912,md,66
1913,blog,66
1914,mirror,66
1915,algorithm,66
1916,hmm,66
1917,scam,66
1918,debian,66
1919,bunch,66
1920,vari,66
1921,genet,66
1922,formula,66
1923,spray,66
1924,gay,65
1925,split,65
1926,renew,65
1927,possess,65
1928,club,65
1929,partnership,65
1930,austin,65
1931,approxim,65
1932,sea,65
1933,brief,65
1934,reboot,65
1935,vjestika,65
1936,label,65
1937,tab,65
1938,analyst,65
1939,elsewher,65
1940,martin,65
1941,iraq,65
1942,â,65
1943,bankruptci,65
1944,precis,65
1945,gibbon,65
1946,compens,65
1947,explicit,65
1948,saturday,64
1949,invent,64
1950,blue,64
1951,roger,64
1952,grand,64
1953,deploy,64
1954,plugin,64
1955,mous,64
1956,processor,64
1957,massiv,64
1958,gordon,64
1959,lift,64
1960,reward,64
1961,porn,64
1962,envelop,64
1963,buffer,64
1964,dramat,64
1965,msgid,64
1966,rohit,63
1967,retir,63
1968,empti,63
1969,flash,63
1970,candid,63
1971,adopt,63
1972,infrastructur,63
1973,fuck,63
1974,collabor,63
1975,inspir,63
1976,ps,63
1977,famous,63
1978,anytim,63
1979,cancer,63
1980,apart,63
1981,writer,63
1982,environment,63
1983,ibm,63
1984,dig,63
1985,religion,63
1986,engag,63
1987,nvidia,63
1988,prohibit,63
1989,inconveni,63
1990,complex,63
1991,that,63
1992,aol,63
1993,millionair,63
1994,agreeabl,63
1995,length,62
1996,northern,62
1997,assembl,62
1998,justic,62
1999,shell,62
2000,harley,62
2001,solicit,62
2002,cycl,62
2003,satisfi,62
2004,conduct,62
2005,plenti,62
2006,thoma,62
2007,schedul,62
2008,african,62
2009,nt,62
2010,ministri,62
2011,own,61
2012,clock,61
2013,encount,61
2014,mere,61
2015,rose,61
2016,distro,61
2017,self,61
2018,experienc,61
2019,duncan,61
2020,swap,61
2021,excess,61
2022,acquisit,61
2023,henc,61
2024,rout,61
2025,onto,61
2026,bound,61
2027,enforc,61
2028,img,61
2029,farmer,61
2030,began,61
2031,scale,60
2032,russian,60
2033,registr,60
2034,homeown,60
2035,transform,60
2036,pointer,60
2037,throw,60
2038,demonstr,60
2039,guido,60
2040,elect,60
2041,london,60
2042,televis,60
2043,prosper,60
2044,mr,60
2045,grab,60
2046,minim,60
2047,straight,60
2048,liter,60
2049,wholesal,60
2050,evolv,60
2051,deep,60
2052,newspap,60
2053,kate,60
2054,domin,60
2055,attend,60
2056,conclud,60
2057,wave,59
2058,colleagu,59
2059,lawsuit,59
2060,hors,59
2061,receipt,59
2062,chat,59
2063,context,59
2064,preserv,59
2065,niall,59
2066,los,59
2067,murder,59
2068,toll,59
2069,buck,59
2070,unabl,59
2071,mix,59
2072,christian,59
2073,oppos,59
2074,rank,59
2075,boost,59
2076,entiti,58
2077,attain,58
2078,remark,58
2079,resel,58
2080,valhalla,58
2081,blame,58
2082,religi,58
2083,assert,58
2084,russia,58
2085,corrupt,58
2086,proof,58
2087,routin,58
2088,loop,58
2089,crime,58
2090,skin,58
2091,marshalles,57
2092,newsgroup,57
2093,numer,57
2094,tast,57
2095,replica,57
2096,tune,57
2097,abacha,57
2098,brent,57
2099,scientif,57
2100,paypal,57
2101,mathemat,57
2102,inkjet,57
2103,habea,57
2104,vircio,57
2105,moral,57
2106,icq,57
2107,glm,57
2108,forest,57
2109,accur,57
2110,passphras,57
2111,webmast,57
2112,asia,57
2113,destroy,57
2114,formal,56
2115,brother,56
2116,throughout,56
2117,null,56
2118,song,56
2119,regardless,56
2120,column,56
2121,visitor,56
2122,chart,56
2123,jar,56
2124,joseph,56
2125,heavi,56
2126,yellow,56
2127,sheet,56
2128,embed,56
2129,hash,56
2130,frequent,56
2131,hint,56
2132,na,56
2133,yield,56
2134,victim,56
2135,bless,56
2136,mountain,56
2137,ben,56
2138,rise,56
2139,labor,55
2140,aim,55
2141,amateur,55
2142,mess,55
2143,chip,55
2144,freebsd,55
2145,dog,55
2146,trace,55
2147,remind,55
2148,limbo,55
2149,drink,55
2150,bay,55
2151,consequ,55
2152,incompat,55
2153,classic,55
2154,branch,55
2155,pure,55
2156,town,55
2157,logic,55
2158,opposit,54
2159,adapt,54
2160,da,54
2161,export,54
2162,gas,54
2163,est,54
2164,violenc,54
2165,syntax,54
2166,decemb,54
2167,pars,54
2168,gambl,54
2169,exhibit,54
2170,satisfact,54
2171,joke,54
2172,coast,54
2173,admit,54
2174,privileg,54
2175,topic,54
2176,assign,54
2177,las,54
2178,prize,54
2179,imho,54
2180,worker,54
2181,spirit,54
2182,felt,54
2183,co,54
2184,crap,54
2185,smoker,54
2186,negoti,54
2187,ladi,54
2188,spamtrap,54
2189,il,54
2190,que,54
2191,proceed,53
2192,pursu,53
2193,pro,53
2194,cheaper,53
2195,complic,53
2196,stage,53
2197,vice,53
2198,appoint,53
2199,battl,53
2200,batch,53
2201,compel,53
2202,lib,53
2203,specialist,53
2204,circumst,53
2205,stamp,53
2206,byte,53
2207,tremend,53
2208,incorpor,53
2209,fan,53
2210,intel,52
2211,ui,52
2212,loos,52
2213,trivial,52
2214,frank,52
2215,alert,52
2216,airlin,52
2217,joint,52
2218,goto,52
2219,entitl,52
2220,dublin,52
2221,older,52
2222,boundari,52
2223,florida,52
2224,keyword,52
2225,struggl,52
2226,jodi,52
2227,kit,52
2228,okay,52
2229,alan,52
2230,sophist,52
2231,truck,52
2232,moder,52
2233,affair,52
2234,unwant,52
2235,unknown,52
2236,lover,52
2237,sur,52
2238,liberti,52
2239,riaa,52
2240,bet,52
2241,chairman,52
2242,caught,52
2243,compress,52
2244,strengthen,52
2245,gather,52
2246,pioneer,51
2247,ved,51
2248,airport,51
2249,surfac,51
2250,sector,51
2251,hole,51
2252,margin,51
2253,mastercard,51
2254,ahead,51
2255,owe,51
2256,ideal,51
2257,trend,51
2258,australia,51
2259,disclosur,51
2260,wear,51
2261,britain,51
2262,belief,51
2263,album,51
2264,muslim,51
2265,quarter,51
2266,weak,51
2267,transmiss,51
2268,wild,51
2269,ownership,51
2270,penni,51
2271,suffici,50
2272,dump,50
2273,wa,50
2274,overal,50
2275,outlook,50
2276,stephen,50
2277,adjust,50
2278,majesti,50
2279,marri,50
2280,jack,50
2281,timeout,50
2282,assumpt,50
2283,ice,50
2284,pickl,50
2285,stress,50
2286,lay,50
2287,encod,50
2288,reform,50
2289,tin,50
2290,maker,50
2291,relay,50
2292,maximum,50
2293,palestinian,50
2294,refus,50
2295,weather,50
2296,scott,50
2297,dice,50
2298,mplayer,50
2299,raw,50
2300,msn,50
2301,schuman,49
2302,finger,49
2303,wealthi,49
2304,influenc,49
2305,sentenc,49
2306,ne,49
2307,curv,49
2308,portabl,49
2309,chain,49
2310,magic,49
2311,captur,49
2312,hawaii,49
2313,blind,49
2314,debug,49
2315,propag,49
2316,egg,49
2317,submiss,48
2318,ou,48
2319,session,48
2320,crack,48
2321,dinosaur,48
2322,ga,48
2323,retain,48
2324,whatsoev,48
2325,frustrat,48
2326,shout,48
2327,spring,48
2328,lilo,48
2329,admin,48
2330,trademark,48
2331,bone,48
2332,astronom,48
2333,catalog,48
2334,depress,48
2335,mandat,48
2336,vision,48
2337,patrick,48
2338,holiday,48
2339,endeavor,48
2340,tes,48
2341,heck,48
2342,weird,48
2343,explan,48
2344,silli,48
2345,gpg,47
2346,scratch,47
2347,api,47
2348,corner,47
2349,rah,47
2350,spambay,47
2351,mysql,47
2352,ram,47
2353,belong,47
2354,buri,47
2355,intellectu,47
2356,casino,47
2357,virginia,47
2358,settl,47
2359,inexpens,47
2360,unusu,47
2361,ar,47
2362,hospit,47
2363,bomb,47
2364,besid,47
2365,movement,47
2366,outstand,47
2367,minist,47
2368,francisco,47
2369,speaker,47
2370,circl,47
2371,latter,47
2372,hacker,47
2373,ethic,47
2374,tower,47
2375,abandon,46
2376,prob,46
2377,preced,46
2378,expos,46
2379,formul,46
2380,iroijlaplap,46
2381,fuel,46
2382,pentium,46
2383,openssl,46
2384,ce,46
2385,greatest,46
2386,tivo,46
2387,igtt,46
2388,organis,46
2389,ton,46
2390,necessarili,46
2391,du,46
2392,intent,46
2393,twenti,46
2394,plane,46
2395,celebr,46
2396,ir,46
2397,thirti,46
2398,fli,46
2399,germani,46
2400,curious,46
2401,recognit,46
2402,xxx,46
2403,lean,46
2404,jeremi,46
2405,ez,46
2406,scholarship,46
2407,snore,46
2408,hide,46
2409,theme,46
2410,element,45
2411,jurisdict,45
2412,recov,45
2413,framework,45
2414,season,45
2415,draft,45
2416,armi,45
2417,harvest,45
2418,relax,45
2419,decreas,45
2420,tweak,45
2421,greet,45
2422,maxim,45
2423,german,45
2424,sudden,45
2425,marriag,45
2426,es,45
2427,conclus,45
2428,openssh,45
2429,richard,45
2430,arg,45
2431,japan,45
2432,forum,45
2433,une,45
2434,distinct,45
2435,bond,44
2436,fashion,44
2437,pci,44
2438,council,44
2439,burner,44
2440,notifi,44
2441,mutual,44
2442,ximian,44
2443,elig,44
2444,shoot,44
2445,asian,44
2446,distributor,44
2447,bob,44
2448,zone,44
2449,render,44
2450,till,44
2451,po,44
2452,murjel,44
2453,subsequ,44
2454,telecommun,44
2455,trader,44
2456,ratak,44
2457,commerc,44
2458,raid,44
2459,capitalist,44
2460,scope,44
2461,magnitud,44
2462,potent,44
2463,invalid,44
2464,maxaman,44
2465,con,44
2466,layer,44
2467,milter,44
2468,crazi,44
2469,everywher,44
2470,scenario,44
2471,anthoni,44
2472,tobacco,44
2473,dedic,44
2474,angel,44
2475,contest,44
2476,hook,44
2477,soft,44
2478,flight,44
2479,leas,44
2480,advisor,44
2481,boom,44
2482,pleasur,44
2483,freez,44
2484,congratul,43
2485,sky,43
2486,corn,43
2487,occasion,43
2488,realnetwork,43
2489,apach,43
2490,combat,43
2491,cloth,43
2492,disagre,43
2493,accid,43
2494,forg,43
2495,strateg,43
2496,palm,43
2497,heat,43
2498,fiction,43
2499,analog,43
2500,overnight,43
